{
    "Moltbook": {
        "021D": {
            "observed": 169113,
            "null_mean": 112540.3,
            "null_std": 1681.3799371657342,
            "z_score": 33.646589179221074,
            "sp_score": 0.18314001654433287,
            "percentage": 0.004642124656642657
        },
        "021U": {
            "observed": 77450,
            "null_mean": 49613.166666666664,
            "null_std": 1066.5792591701538,
            "z_score": 26.099169934160948,
            "sp_score": 0.14205904759248006,
            "percentage": 0.00212599004604598
        },
        "021C": {
            "observed": 18062,
            "null_mean": 20024.3,
            "null_std": 810.7405363255123,
            "z_score": -2.4203797788299264,
            "sp_score": -0.013174244508927166,
            "percentage": 0.0004957989956317946
        },
        "111D": {
            "observed": 1403,
            "null_mean": 293.0,
            "null_std": 148.15206540159545,
            "z_score": 7.492301892593435,
            "sp_score": 0.040780962529541706,
            "percentage": 3.851212439770832e-05
        },
        "111U": {
            "observed": 4805,
            "null_mean": 935.8,
            "null_std": 462.84766243407745,
            "z_score": 8.359553939739477,
            "sp_score": 0.045501457478269516,
            "percentage": 0.00013189647735637098
        },
        "030T": {
            "observed": 2472,
            "null_mean": 1581.9333333333334,
            "null_std": 151.02544506629093,
            "z_score": 5.893488122322578,
            "sp_score": 0.03207854164583624,
            "percentage": 6.785600250259086e-05
        },
        "030C": {
            "observed": 4,
            "null_mean": 9.8,
            "null_std": 4.22961643324945,
            "z_score": -1.3712827372254384,
            "sp_score": -0.007463958437056612,
            "percentage": 1.0979935680030885e-07
        },
        "201": {
            "observed": 550,
            "null_mean": 3.8,
            "null_std": 3.177507155639139,
            "z_score": 171.89575766356842,
            "sp_score": 0.9356369447946327,
            "percentage": 1.5097411560042466e-05
        },
        "120D": {
            "observed": 161,
            "null_mean": 17.666666666666668,
            "null_std": 13.951475841677809,
            "z_score": 10.273704012384687,
            "sp_score": 0.05592026914756857,
            "percentage": 4.41942411121243e-06
        },
        "120U": {
            "observed": 376,
            "null_mean": 66.23333333333333,
            "null_std": 38.51258937321516,
            "z_score": 8.043257327228796,
            "sp_score": 0.04377983967803507,
            "percentage": 1.032113953922903e-05
        },
        "120C": {
            "observed": 4,
            "null_mean": 7.566666666666666,
            "null_std": 5.223840134147142,
            "z_score": -0.6827671933051929,
            "sp_score": -0.003716334942950538,
            "percentage": 1.0979935680030885e-07
        },
        "210": {
            "observed": 31,
            "null_mean": 1.8333333333333333,
            "null_std": 2.0858031337217997,
            "z_score": 13.983422593973751,
            "sp_score": 0.07611244728450174,
            "percentage": 8.509450152023934e-07
        },
        "300": {
            "observed": 11,
            "null_mean": 0.06666666666666667,
            "null_std": 0.2537081317024625,
            "z_score": 43.09413837060397,
            "sp_score": 0.2345634849380263,
            "percentage": 3.019482312008493e-07
        }
    },
    "Reddit": {
        "021D": {
            "observed": 113381,
            "null_mean": 234684.0,
            "null_std": 1767.4770641832365,
            "z_score": -68.63059354948686,
            "sp_score": -0.18015379127997663,
            "percentage": 0.0016437655857156736
        },
        "021U": {
            "observed": 109501,
            "null_mean": 222960.93333333332,
            "null_std": 1786.9893759855029,
            "z_score": -63.492226007645705,
            "sp_score": -0.1666656900444078,
            "percentage": 0.0015875144459958192
        },
        "021C": {
            "observed": 175129,
            "null_mean": 425248.9,
            "null_std": 3170.754705657358,
            "z_score": -78.88339629480906,
            "sp_score": -0.20706717189184165,
            "percentage": 0.0025389705793810273
        },
        "111D": {
            "observed": 131761,
            "null_mean": 35190.833333333336,
            "null_std": 1297.1489182402897,
            "z_score": 74.44801850328302,
            "sp_score": 0.19542440321425092,
            "percentage": 0.00191023361356385
        },
        "111U": {
            "observed": 142707,
            "null_mean": 36675.066666666666,
            "null_std": 1352.6936838393424,
            "z_score": 78.38576804201786,
            "sp_score": 0.20576090872622116,
            "percentage": 0.002068925617526099
        },
        "030T": {
            "observed": 4730,
            "null_mean": 13503.433333333332,
            "null_std": 257.77598980421016,
            "z_score": -34.03510676070747,
            "sp_score": -0.08934140304555271,
            "percentage": 6.857419867910088e-05
        },
        "030C": {
            "observed": 951,
            "null_mean": 3828.766666666667,
            "null_std": 104.28894983396496,
            "z_score": -27.594166699811105,
            "sp_score": -0.07243407773529041,
            "percentage": 1.3787328317933389e-05
        },
        "201": {
            "observed": 53346,
            "null_mean": 1740.2333333333333,
            "null_std": 155.30408066520457,
            "z_score": 332.28854287425554,
            "sp_score": 0.8722500812197009,
            "percentage": 0.0007733951802823077
        },
        "120D": {
            "observed": 1902,
            "null_mean": 1183.5333333333333,
            "null_std": 47.35830650902013,
            "z_score": 15.170869053981553,
            "sp_score": 0.03982319597915359,
            "percentage": 2.7574656635866778e-05
        },
        "120U": {
            "observed": 2276,
            "null_mean": 1224.3,
            "null_std": 80.84943434856399,
            "z_score": 13.008130588345667,
            "sp_score": 0.03414605530499636,
            "percentage": 3.299680257793522e-05
        },
        "120C": {
            "observed": 3119,
            "null_mean": 2193.8333333333335,
            "null_std": 96.34567196167728,
            "z_score": 9.602576304980916,
            "sp_score": 0.025206550576459583,
            "percentage": 4.521837752222318e-05
        },
        "210": {
            "observed": 3692,
            "null_mean": 568.6333333333333,
            "null_std": 65.10971289019541,
            "z_score": 47.97082536570363,
            "sp_score": 0.12592235639386798,
            "percentage": 5.3525569032397557e-05
        },
        "300": {
            "observed": 760,
            "null_mean": 40.233333333333334,
            "null_std": 12.439324001295063,
            "z_score": 57.862201080358666,
            "sp_score": 0.15188699903803926,
            "percentage": 1.1018264481208598e-05
        }
    },
    "statistical_tests": {
        "mann_whitney_u_statistic": 3835125.5,
        "p_value": 1.9377785173412435e-67,
        "moltbook_mean_clustering": 0.04298500701542287,
        "reddit_mean_clustering": 0.06736529406700438
    }
}